{
  "id": "",
  "name": "",
  "font_family": "iconfont",
  "css_prefix_text": "icon-",
  "description": "",
  "glyphs": [
    {
      "icon_id": "577332",
      "name": "店铺-fill",
      "font_class": "dianpufill",
      "unicode": "e735",
      "unicode_decimal": 59189
    },
    {
      "icon_id": "577335",
      "name": "订单",
      "font_class": "dingdan",
      "unicode": "e737",
      "unicode_decimal": 59191
    },
    {
      "icon_id": "577336",
      "name": "反馈",
      "font_class": "fankui",
      "unicode": "e738",
      "unicode_decimal": 59192
    },
    {
      "icon_id": "577341",
      "name": "购物车",
      "font_class": "gouwuche",
      "unicode": "e73d",
      "unicode_decimal": 59197
    },
    {
      "icon_id": "577342",
      "name": "购物袋",
      "font_class": "gouwudai",
      "unicode": "e73e",
      "unicode_decimal": 59198
    },
    {
      "icon_id": "577345",
      "name": "客服",
      "font_class": "kefu",
      "unicode": "e741",
      "unicode_decimal": 59201
    },
    {
      "icon_id": "577348",
      "name": "留言",
      "font_class": "liuyan",
      "unicode": "e744",
      "unicode_decimal": 59204
    },
    {
      "icon_id": "24035289",
      "name": "校园热点",
      "font_class": "xiaoyuanredian",
      "unicode": "e61e",
      "unicode_decimal": 58910
    }
  ]
}
